{"train/loss_rpn_cls": 0.011657174150459469, "train/loss_rpn_bbox": 0.023030581171624362, "train/s0.loss_cls": 0.12374841466546059, "train/s0.acc": 95.8525390625, "train/s0.loss_bbox": 0.06713147856295108, "train/s1.loss_cls": 0.05235725784674287, "train/s1.acc": 96.63969635009765, "train/s1.loss_bbox": 0.06131744094192982, "train/s2.loss_cls": 0.026232046075165272, "train/s2.acc": 96.61334487915039, "train/s2.loss_bbox": 0.04003367451950908, "train/loss": 0.4055080646276474, "learning_rate": 0.00010000000000000002, "momentum": 0.9, "_runtime": 20516, "_timestamp": 1633865601, "_step": 10060, "val/bbox_mAP": 0.362, "val/bbox_mAP_50": 0.506, "val/bbox_mAP_75": 0.393, "val/bbox_mAP_s": 0.028, "val/bbox_mAP_m": 0.073, "val/bbox_mAP_l": 0.439}