{"train/loss_rpn_cls": 0.6400723630189895, "train/loss_rpn_bbox": 0.14928469650447368, "train/s0.loss_cls": 0.4932209500670433, "train/s0.acc": 88.44140625, "train/s0.loss_bbox": 0.11393964290618896, "train/s1.loss_cls": 0.3153351221978664, "train/s1.acc": 84.720703125, "train/s1.loss_bbox": 0.04229225751943886, "train/s2.loss_cls": 0.18103832229971886, "train/s2.acc": 81.7578125, "train/s2.loss_bbox": 0.009771208297461271, "train/loss": 1.944954550266266, "learning_rate": 0.0019780399999999986, "momentum": 0.9, "_runtime": 115, "_timestamp": 1633914775, "_step": 50}