{"train/loss_rpn_cls": 0.00719439671956934, "train/loss_rpn_bbox": 0.01779856374952942, "train/s0.loss_cls": 0.0964478649199009, "train/s0.acc": 96.8798828125, "train/s0.loss_bbox": 0.05304691062308848, "train/s1.loss_cls": 0.03892746079247445, "train/s1.acc": 97.50655197143554, "train/s1.loss_bbox": 0.048622946459800004, "train/s2.loss_cls": 0.019211022593081, "train/s2.acc": 97.63430847167969, "train/s2.loss_bbox": 0.032878536039497704, "train/loss": 0.31412770111113786, "learning_rate": 1.3745124626700983e-05, "momentum": 0.9, "_runtime": 59232, "_timestamp": 1634017108, "_step": 29311, "val/bbox_mAP": 0.33, "val/bbox_mAP_50": 0.458, "val/bbox_mAP_75": 0.35, "val/bbox_mAP_s": 0.015, "val/bbox_mAP_m": 0.095, "val/bbox_mAP_l": 0.386, "_wandb": {"runtime": 59234}}