{"train/loss_rpn_cls": 0.06251716632395983, "train/loss_rpn_bbox": 0.037557183289900424, "train/s0.loss_cls": 0.3749275153875351, "train/s0.acc": 90.5439453125, "train/s0.loss_bbox": 0.13678099393844603, "train/s1.loss_cls": 0.18832693323493005, "train/s1.acc": 90.17316833496093, "train/s1.loss_bbox": 0.1189289814606309, "train/s2.loss_cls": 0.08324694231152535, "train/s2.acc": 91.29826309204101, "train/s2.loss_bbox": 0.05912966791540384, "train/loss": 1.06141537129879, "learning_rate": 0.01, "momentum": 0.9, "_runtime": 3744, "_timestamp": 1633957560, "_step": 1927, "val/bbox_mAP": 0.021, "val/bbox_mAP_50": 0.04, "val/bbox_mAP_75": 0.021, "val/bbox_mAP_s": 0.0, "val/bbox_mAP_m": 0.0, "val/bbox_mAP_l": 0.026, "_wandb": {"runtime": 3873}}