{"train/loss_rpn_cls": 0.12423985235393048, "train/loss_rpn_bbox": 0.047008025273680684, "train/s0.loss_cls": 0.33599818095564843, "train/s0.acc": 93.1416015625, "train/s0.loss_bbox": 0.14935588955879212, "train/s1.loss_cls": 0.1114574833214283, "train/s1.acc": 96.0029296875, "train/s1.loss_bbox": 0.06621329601854085, "train/s2.loss_cls": 0.034396453946828845, "train/s2.acc": 97.9462890625, "train/s2.loss_bbox": 0.013253461932763458, "train/loss": 0.8819226294755935, "learning_rate": 0.00398602, "momentum": 0.9, "_runtime": 513, "_timestamp": 1633945336, "_step": 200, "_wandb": {"runtime": 535}}