{"train/loss_rpn_cls": 0.18996935218572616, "train/loss_rpn_bbox": 0.12304294936358928, "train/s0.loss_cls": 0.5547599267959594, "train/s0.acc": 84.296875, "train/s0.loss_bbox": 0.24206022202968597, "train/s1.loss_cls": 0.23144877851009368, "train/s1.acc": 86.42650299072265, "train/s1.loss_bbox": 0.14766207501292228, "train/s2.loss_cls": 0.09890090078115463, "train/s2.acc": 88.26084869384766, "train/s2.loss_bbox": 0.05861780434846878, "train/loss": 1.6464620041847229, "learning_rate": 0.01, "momentum": 0.9, "_runtime": 6004, "_timestamp": 1633924322, "_step": 2978, "val/bbox_mAP": 0.092, "val/bbox_mAP_50": 0.146, "val/bbox_mAP_75": 0.098, "val/bbox_mAP_s": 0.0, "val/bbox_mAP_m": 0.01, "val/bbox_mAP_l": 0.115, "_wandb": {"runtime": 6021}}