{"Labels": {"_type": "images/separated", "width": 2000, "height": 2000, "format": "jpg", "count": 2, "captions": ["labels_correlogram.jpg", "labels.jpg"]}, "Mosaics": {"_type": "images/separated", "width": 1920, "height": 1920, "format": "jpg", "count": 3, "captions": ["train_batch0.jpg", "train_batch1.jpg", "train_batch2.jpg"]}, "train/box_loss": 0.05610787123441696, "train/obj_loss": 0.05714583024382591, "train/cls_loss": 0.04889771714806557, "metrics/precision": 0.21844732621893465, "metrics/recall": 0.2440378439881355, "metrics/mAP_0.5": 0.1327881979816315, "metrics/mAP_0.5:0.95": 0.07241910106436732, "val/box_loss": 0.04842698574066162, "val/obj_loss": 0.032297953963279724, "val/cls_loss": 0.04566952958703041, "x/lr0": 0.0030493980036461923, "x/lr1": 0.0030493980036461923, "x/lr2": 0.0725493980036462, "_runtime": 252, "_timestamp": 1634142287, "_step": 1}