{"train/loss_rpn_cls": 0.03403272323310375, "train/loss_rpn_bbox": 0.060792340780608356, "train/s0.loss_cls": 0.30776176407933237, "train/s0.acc": 91.59765625, "train/s0.loss_bbox": 0.12340294741094113, "train/s1.loss_cls": 0.14846663735806942, "train/s1.acc": 91.64157897949218, "train/s1.loss_bbox": 0.1012621963582933, "train/s2.loss_cls": 0.06777361690998078, "train/s2.acc": 92.38178375244141, "train/s2.loss_bbox": 0.04915167337283492, "train/loss": 0.8926438954472542, "learning_rate": 0.02, "momentum": 0.9, "_runtime": 7681, "_timestamp": 1633934239, "_step": 3913, "val/bbox_mAP": 0.105, "val/bbox_mAP_50": 0.168, "val/bbox_mAP_75": 0.108, "val/bbox_mAP_s": 0.0, "val/bbox_mAP_m": 0.008, "val/bbox_mAP_l": 0.134, "_wandb": {"runtime": 7702}}