{"Labels": {"_type": "images/separated", "width": 2000, "height": 2000, "format": "jpg", "count": 2, "captions": ["labels_correlogram.jpg", "labels.jpg"]}, "Mosaics": {"_type": "images/separated", "width": 1920, "height": 1920, "format": "jpg", "count": 3, "captions": ["train_batch0.jpg", "train_batch1.jpg", "train_batch2.jpg"]}, "train/box_loss": 0.05610530450940132, "train/obj_loss": 0.05576380714774132, "train/cls_loss": 0.04908914491534233, "metrics/precision": 0.2464660672733486, "metrics/recall": 0.2097402206042739, "metrics/mAP_0.5": 0.13373003467113437, "metrics/mAP_0.5:0.95": 0.0722161503325486, "val/box_loss": 0.04781246930360794, "val/obj_loss": 0.032510217279195786, "val/cls_loss": 0.045340411365032196, "x/lr0": 0.0030493980036461923, "x/lr1": 0.0030493980036461923, "x/lr2": 0.0725493980036462, "_runtime": 344, "_timestamp": 1634142917, "_step": 1}