{"train/loss_rpn_cls": 0.05767684116959572, "train/loss_rpn_bbox": 0.04145497053861618, "train/s0.loss_cls": 0.35037369653582573, "train/s0.acc": 90.71435546875, "train/s0.loss_bbox": 0.15057664554566144, "train/s1.loss_cls": 0.17029509358108044, "train/s1.acc": 90.73832443237305, "train/s1.loss_bbox": 0.12640750221908092, "train/s2.loss_cls": 0.07467991136014461, "train/s2.acc": 91.94660339355468, "train/s2.loss_bbox": 0.06015453014522791, "train/loss": 1.0316192013025285, "learning_rate": 0.009972609750746599, "momentum": 0.9, "_runtime": 1193, "_timestamp": 1633844456, "_step": 588, "val/bbox_mAP": 0.051, "val/bbox_mAP_50": 0.098, "val/bbox_mAP_75": 0.048, "val/bbox_mAP_s": 0.002, "val/bbox_mAP_m": 0.004, "val/bbox_mAP_l": 0.063}