{"train/loss_rpn_cls": 0.06609355263411999, "train/loss_rpn_bbox": 0.04138235269114375, "train/s0.loss_cls": 0.35924148380756377, "train/s0.acc": 90.7373046875, "train/s0.loss_bbox": 0.15871745482087135, "train/s1.loss_cls": 0.1706809641420841, "train/s1.acc": 91.01850524902343, "train/s1.loss_bbox": 0.13129593104124068, "train/s2.loss_cls": 0.07296770110726357, "train/s2.acc": 92.31916137695312, "train/s2.loss_bbox": 0.061029356196522715, "train/loss": 1.0614088010787963, "learning_rate": 0.009082, "momentum": 0.9, "_runtime": 825, "_timestamp": 1633844088, "_step": 450}