{"Labels": {"_type": "images/separated", "width": 2000, "height": 2000, "format": "jpg", "count": 2, "captions": ["labels_correlogram.jpg", "labels.jpg"]}, "Mosaics": {"_type": "images/separated", "width": 1920, "height": 1920, "format": "jpg", "count": 3, "captions": ["train_batch0.jpg", "train_batch1.jpg", "train_batch2.jpg"]}, "train/box_loss": 0.07533206045627594, "train/obj_loss": 0.06344421207904816, "train/cls_loss": 0.05814501270651817, "metrics/precision": 0.08560228631844359, "metrics/recall": 0.23536221299152754, "metrics/mAP_0.5": 0.0761515752576017, "metrics/mAP_0.5:0.95": 0.03901998474361441, "val/box_loss": 0.05305413529276848, "val/obj_loss": 0.034309033304452896, "val/cls_loss": 0.050939932465553284, "x/lr0": 0.00203, "x/lr1": 0.00203, "x/lr2": 0.08173, "_runtime": 144, "_timestamp": 1634141289, "_step": 0}