{"train/loss_rpn_cls": 0.07570750601589679, "train/loss_rpn_bbox": 0.04303333878517151, "train/s0.loss_cls": 0.3719381418824196, "train/s0.acc": 91.09033203125, "train/s0.loss_bbox": 0.15486492574214936, "train/s1.loss_cls": 0.16879204541444778, "train/s1.acc": 91.67159439086915, "train/s1.loss_bbox": 0.11951811984181404, "train/s2.loss_cls": 0.0693398455530405, "train/s2.acc": 93.16260025024414, "train/s2.loss_bbox": 0.054371665865182876, "train/loss": 1.057565587759018, "learning_rate": 0.013966039999999999, "momentum": 0.9, "_runtime": 631, "_timestamp": 1633946014, "_step": 350}