{"train/loss_rpn_cls": 0.1955722077935934, "train/loss_rpn_bbox": 0.051872166022658345, "train/s0.loss_cls": 0.34897734940052033, "train/s0.acc": 93.9326171875, "train/s0.loss_bbox": 0.15310356482863427, "train/s1.loss_cls": 0.0934375487267971, "train/s1.acc": 97.376953125, "train/s1.loss_bbox": 0.04304466305300594, "train/s2.loss_cls": 0.029382195444777607, "train/s2.acc": 98.6904296875, "train/s2.loss_bbox": 0.005844410230056382, "train/loss": 0.9212340915203094, "learning_rate": 0.0009990100000000003, "momentum": 0.9, "_runtime": 191, "_timestamp": 1633953670, "_step": 100}