{"train/loss_rpn_cls": 0.31229184821248057, "train/loss_rpn_bbox": 0.13191979311406613, "train/s0.loss_cls": 0.3013635613024235, "train/s0.acc": 94.759765625, "train/s0.loss_bbox": 0.07398674951866269, "train/s1.loss_cls": 0.10672925651073456, "train/s1.acc": 96.3046875, "train/s1.loss_bbox": 0.020479490113211797, "train/s2.loss_cls": 0.045944065786898136, "train/s2.acc": 96.849609375, "train/s2.loss_bbox": 0.004093373091891408, "train/loss": 0.9968081498146057, "learning_rate": 0.0029870200000000004, "momentum": 0.9, "_runtime": 334, "_timestamp": 1633918186, "_step": 150, "_wandb": {"runtime": 395}}