{"train/loss_rpn_cls": 0.02893524305894971, "train/loss_rpn_bbox": 0.03281942423433065, "train/s0.loss_cls": 0.24623375177383422, "train/s0.acc": 92.30078125, "train/s0.loss_bbox": 0.10449492312967777, "train/s1.loss_cls": 0.12108123198151588, "train/s1.acc": 92.27146667480469, "train/s1.loss_bbox": 0.09615296367555856, "train/s2.loss_cls": 0.05948118641972542, "train/s2.acc": 92.35613433837891, "train/s2.loss_bbox": 0.057899611331522466, "train/loss": 0.7470983284711837, "learning_rate": 0.01, "momentum": 0.9, "_runtime": 6994, "_timestamp": 1633953053, "_step": 3473, "val/bbox_mAP": 0.27, "val/bbox_mAP_50": 0.407, "val/bbox_mAP_75": 0.305, "val/bbox_mAP_s": 0.009, "val/bbox_mAP_m": 0.06, "val/bbox_mAP_l": 0.323}